UserName,FirstName,LastName,Manager,location,BusinessTitle,Roles,JobTitle,Email,password
danCSV3,danCSV3,Nayler,dcanfield,USA,Lead Material Handler,Account Admin|Admin|Author,Lead Material Handler,dcanfield+danCSV3@instructure.com,password
danCSV4,danCSV4,Aguirre,dcanfield,USA,Vehicle Technician,Account Admin|Admin|Author,Service Technician III,dcanfield+danCSV4@instructure.com,password
danCSV5,danCSV5,Coker,dcanfield,USA,Product Specialist,Account Admin|Admin|Author,Product Representative II,dcanfield+danCSV5@instructure.com,password
danCSV6,danCSV6,Varon,dcanfield,USA,Delivery Orientation Specialist,Account Admin|Admin|Author,Delivery Orientation Specialist,dcanfield+danCSV6@instructure.com,password
danCSV7,danCSV7,Garcia,dcanfield,USA,Product Specialist,Account Admin|Admin|Author,Product Specialist,dcanfield+danCSV7@instructure.com,password
danCSV8,danCSV8,Varman,dcanfield,USA,Delivery Orientation Specialist,Account Admin|Admin|Author,Delivery Orientation Specialist,dcanfield+danCSV8@instructure.com,password
danCSV9,danCSV9,McGough,dcanfield,USA,Systems Operations Manager,Account Admin|Admin|Author,Contingent Worker,dcanfield+danCSV9@instructure.com,password
danCSV10,danCSV10,Royer,dcanfield,USA,Product Specialist,Account Admin|Admin|Author,Product Specialist,dcanfield+danCSV10@instructure.com,password
danCSV12,danCSV12,Royals,danCSV10,USA,Product Specialist,Account Admin|Admin|Author,Product Specialist,dcanfield+danCSV12@instructure.com,password
danCSV13,danCSV13,Singh,danCSV10,USA,Product Specialist,Account Admin|Admin|Author,Product Specialist,dcanfield+danCSV13@instructure.com,password
danCSV14,danCSV14,Roy,danCSV10,USA,Product Specialist,Account Admin|Admin|Author,Product Specialist,dcanfield+danCSV14@instructure.com,password
danCSV15,danCSV15,Umstadter,danCSV10,USA,Delivery Orientation Specialist,Account Admin|Admin|Author,Delivery Orientation Specialist,dcanfield+danCSV15@instructure.com,password
danCSV16,danCSV16,Alvares,danCSV10,USA,Owner Advisor,Account Admin|Admin|Author,Ownership Advisor II,dcanfield+danCSV16@instructure.com,password
danCSV17,danCSV17,Tello,danCSV10,USA,Service Concierge,Account Admin|Admin|Author,Service Concierge I,dcanfield+danCSV17@instructure.com,password
danCSV18,danCSV18,Kushner,danCSV10,USA,Product Specialist,Account Admin|Admin|Author,Product Representative II,dcanfield+danCSV18@instructure.com,password
danCSV19,danCSV19,Marchand,danCSV10,USA,Manufacturing Technician,Account Admin|Admin|Author,Manufacturing Technician,dcanfield+danCSV19@instructure.com,password
danCSV20,danCSV20,Sharma,danCSV10,USA,Production Associate,Account Admin|Admin|Author,Contingent Worker,dcanfield+danCSV20@instructure.com,password
danCSV21,danCSV21,Kim,danCSV20,USA,Engineer,Account Admin|Admin|Author,Contingent Worker,dcanfield+danCSV21@instructure.com,password
danCSV22,danCSV22,Smith,danCSV20,USA,Production Associate,Account Admin|Admin|Author,Production Associate,dcanfield+danCSV22@instructure.com,password
danCSV23,danCSV23,Shah,danCSV20,USA,Lead Production Associate,Account Admin|Admin|Author,Lead Production Associate,dcanfield+danCSV23@instructure.com,password
danCSV24,danCSV24,Lam,danCSV20,USA,Production Associate,Account Admin|Admin|Author,Production Associate,dcanfield+danCSV24@instructure.com,password
danCSV25,danCSV25,Ayyaswamy,danCSV20,USA,Contingent Worker,Account Admin|Admin|Author,Contingent Worker,dcanfield+danCSV25@instructure.com,password
danCSV26,danCSV26,Polousy,danCSV20,USA,Inside Sales Advisor,Account Admin|Admin|Author,Inside Sales Advisor III,dcanfield+danCSV26@instructure.com,password
danCSV27,danCSV27,Zhang,danCSV20,USA,Production Associate,Account Admin|Admin|Author,Production Associate,dcanfield+danCSV27@instructure.com,password
danCSV28,danCSV28,Felzmann,danCSV20,USA,Global Supply Manager,Account Admin|Admin|Author,Buyer - Planner,dcanfield+danCSV28@instructure.com,password
danCSV29,danCSV29,Krebs,danCSV20,USA,Production Associate,Account Admin|Admin|Author,Production Associate,dcanfield+danCSV29@instructure.com,password
danCSV30,danCSV30,Miles,danCSV20,USA,Product Specialist,Account Admin|Admin|Author,Product Representative II,dcanfield+danCSV30@instructure.com,password
danCSV31,danCSV31,Arvizo,danCSV30,USA,Performance Test Engineer,Account Admin|Admin|Author,Contingent Worker,dcanfield+danCSV31@instructure.com,password
danCSV32,danCSV32,Rivera,danCSV30,USA,Production Associate,Account Admin|Admin|Author,Production Associate,dcanfield+danCSV32@instructure.com,password
danCSV33,danCSV33,Ford,danCSV30,USA,Vehicle Technician,Account Admin|Admin|Author,Service Technician II,dcanfield+danCSV33@instructure.com,password
danCSV34,danCSV34,Geiduschek,danCSV30,USA,Senior Controls Engineer,Account Admin|Admin|Author,Manufacturing Engineer,dcanfield+danCSV34@instructure.com,password
danCSV35,danCSV35,Heckel,danCSV30,USA,Delivery Coordinator,Account Admin|Admin|Author,Associate Delivery Experience Specialist,dcanfield+danCSV35@instructure.com,password
danCSV36,danCSV36,Liu,danCSV30,USA,Design Manager,Account Admin|Admin|Author,Design Manager,dcanfield+danCSV36@instructure.com,password
danCSV37,danCSV37,Weinreich,danCSV30,USA,Intern,Account Admin|Admin|Author,Intern,dcanfield+danCSV37@instructure.com,password
danCSV38,danCSV38,Parry,danCSV30,USA,Vehicle Technician,Account Admin|Admin|Author,Service Technician I,dcanfield+danCSV38@instructure.com,password
danCSV39,danCSV39,Pacis,danCSV30,USA,Rectification Associate,Account Admin|Admin|Author,Contingent Worker,dcanfield+danCSV39@instructure.com,password
danCSV40,danCSV40,Hart,danCSV30,USA,Production Associate,Account Admin|Admin|Author,Production Associate,dcanfield+danCSV40@instructure.com,password
danCSV41,danCSV41,Brown,danCSV40,USA,Accounting Support,Account Admin|Admin|Author,Intern,dcanfield+danCSV41@instructure.com,password
danCSV42,danCSV42,Okamura,danCSV40,USA,Product Specialist,Account Admin|Admin|Author,Product Representative II,dcanfield+danCSV42@instructure.com,password
danCSV43,danCSV43,Wichers,danCSV40,USA,Production Associate,Account Admin|Admin|Author,Production Associate,dcanfield+danCSV43@instructure.com,password
danCSV44,danCSV44,Steinbakk,danCSV40,USA,Parts Advisor,Account Admin|Admin|Author,Parts Advisor,dcanfield+danCSV44@instructure.com,password
danCSV45,danCSV45,Canete,danCSV40,USA,Applications Developer,Account Admin|Admin|Author,000CONTG - Contingent Worker,dcanfield+danCSV45@instructure.com,password
danCSV46,danCSV46,Gilmond,danCSV40,USA,Production Associate,Account Admin|Admin|Author,Contingent Worker,dcanfield+danCSV46@instructure.com,password
danCSV47,danCSV47,Sabedra,danCSV40,USA,Production Associate,Account Admin|Admin|Author,Contingent Worker,dcanfield+danCSV47@instructure.com,password
danCSV48,danCSV48,Kagan,danCSV40,USA,Cycle Count Associate,Account Admin|Admin|Author,Material Handler,dcanfield+danCSV48@instructure.com,password
danCSV49,danCSV49,De Guzman,danCSV40,USA,Sales Advisor,Account Admin|Admin|Author,Sales Advisor,dcanfield+danCSV49@instructure.com,password
danCSV50,danCSV50,Lorenzo,danCSV40,USA,Material Handler,Account Admin|Admin|Author,Material Handler,dcanfield+danCSV50@instructure.com,password
danCSV51,danCSV51,Frappe,danCSV50,USA,Production Associate,Account Admin|Admin|Author,Contingent Worker,dcanfield+danCSV51@instructure.com,password
danCSV52,danCSV52,Jacobs,danCSV50,USA,Product Specialist,Account Admin|Admin|Author,Product Representative II,dcanfield+danCSV52@instructure.com,password
danCSV53,danCSV53,Carpenter,danCSV50,USA,Production Associate,Account Admin|Admin|Author,Production Associate,dcanfield+danCSV53@instructure.com,password
danCSV54,danCSV54,Levenson,danCSV50,USA,Production Associate,Account Admin|Admin|Author,Contingent Worker,dcanfield+danCSV54@instructure.com,password
danCSV55,danCSV55,Rojas,danCSV50,USA,Service Technician,Account Admin|Admin|Author,Service Technician III,dcanfield+danCSV55@instructure.com,password
danCSV56,danCSV56,Pitt,danCSV50,USA,Remanufacturing Technician,Account Admin|Admin|Author,Remanufacturing Technician,dcanfield+danCSV56@instructure.com,password
danCSV57,danCSV57,LeGrande,danCSV50,USA,Associate Body Repair Training Instructor,Account Admin|Admin|Author,Associate Technical Training Instructor,dcanfield+danCSV57@instructure.com,password
danCSV58,danCSV58,Wibowo,danCSV50,USA,Production Associate,Account Admin|Admin|Author,Contingent Worker,dcanfield+danCSV58@instructure.com,password
danCSV59,danCSV59,Giusti,danCSV50,USA,Product Specialist,Account Admin|Admin|Author,Product Representative II,dcanfield+danCSV59@instructure.com,password
danCSV60,danCSV60,Lopez,danCSV50,USA,Material Handler,Account Admin|Admin|Author,Material Handler,dcanfield+danCSV60@instructure.com,password
danCSV61,danCSV61,Chan,danCSV60,USA,Service Technician,Account Admin|Admin|Author,Service Technician II,dcanfield+danCSV61@instructure.com,password
danCSV62,danCSV62,Levels,danCSV60,USA,Production Associate,Account Admin|Admin|Author,Production Associate,dcanfield+danCSV62@instructure.com,password
danCSV63,danCSV63,Spycher,danCSV60,USA,Cal Operations Manager Fremont,Account Admin|Admin|Author,Supervisor HR,dcanfield+danCSV63@instructure.com,password
danCSV64,danCSV64,Nielsen,danCSV60,USA,Service Concierge,Account Admin|Admin|Author,Service Concierge II,dcanfield+danCSV64@instructure.com,password
danCSV65,danCSV65,Kaethoven,danCSV60,USA,Supervisor Parts & Service Warehouse Service Operations,Account Admin|Admin|Author,Supervisor Shipping and Receiving,dcanfield+danCSV65@instructure.com,password
danCSV66,danCSV66,Ho,danCSV60,USA,Sr. Manufacturing Engineer,Account Admin|Admin|Author,Sr Manufacturing Engineer,dcanfield+danCSV66@instructure.com,password
danCSV67,danCSV67,De Leon,danCSV60,USA,Tool & Die Specialist,Account Admin|Admin|Author,Tool and Die Specialist,dcanfield+danCSV67@instructure.com,password
danCSV68,danCSV68,Baldwin,danCSV60,USA,Owner Advisor,Account Admin|Admin|Author,Owner Advisor,dcanfield+danCSV68@instructure.com,password
danCSV69,danCSV69,Victoriano,danCSV60,USA,Lead Production Associate,Account Admin|Admin|Author,Lead Production Associate,dcanfield+danCSV69@instructure.com,password
danCSV70,danCSV70,Lunde,danCSV60,USA,Metrology Technician,Account Admin|Admin|Author,Engineering Technician I,dcanfield+danCSV70@instructure.com,password
danCSV71,danCSV71,Ishikawa,danCSV70,USA,Project Manager Business Systems,Account Admin|Admin|Author,Sr Project Mgr,dcanfield+danCSV71@instructure.com,password
danCSV72,danCSV72,Bernard,danCSV70,USA,Production Associate,Account Admin|Admin|Author,Production Associate,dcanfield+danCSV72@instructure.com,password
danCSV73,danCSV73,Sarantakis,danCSV70,USA,Supervisor Manufacturing,Account Admin|Admin|Author,Supervisor Manufacturing,dcanfield+danCSV73@instructure.com,password
danCSV74,danCSV74,Rosas,danCSV70,USA,Production Associate,Account Admin|Admin|Author,Production Associate,dcanfield+danCSV74@instructure.com,password
danCSV75,danCSV75,Koga,danCSV70,USA,Associate Manufacturing Engineer,Account Admin|Admin|Author,Associate Manufacturing Engineer,dcanfield+danCSV75@instructure.com,password
danCSV76,danCSV76,Escalante,danCSV70,USA,Production Associate,Account Admin|Admin|Author,Production Associate,dcanfield+danCSV76@instructure.com,password
danCSV77,danCSV77,Song,danCSV70,USA,Production Associate,Account Admin|Admin|Author,Production Associate,dcanfield+danCSV77@instructure.com,password
danCSV78,danCSV78,Rivera,danCSV70,USA,Production Associate,Account Admin|Admin|Author,Production Associate,dcanfield+danCSV78@instructure.com,password
danCSV79,danCSV79,Barber,danCSV70,USA,Production Associate,Account Admin|Admin|Author,Contingent Worker,dcanfield+danCSV79@instructure.com,password
danCSV80,danCSV80,Martin,danCSV70,USA,Lead Production Associate,Account Admin|Admin|Author,Lead Production Associate,dcanfield+danCSV80@instructure.com,password
danCSV81,danCSV81,Stewart,danCSV80,USA,Engineering Technician,Account Admin|Admin|Author,Engineering Technician II,dcanfield+danCSV81@instructure.com,password
danCSV82,danCSV82,Berry,danCSV80,USA,Machinist,Account Admin|Admin|Author,R&D Machinist II,dcanfield+danCSV82@instructure.com,password
danCSV83,danCSV83,Weijers,danCSV80,USA,Service Concierge,Account Admin|Admin|Author,Lead Service Support Associate,dcanfield+danCSV83@instructure.com,password
danCSV84,danCSV84,Nguyen,danCSV80,USA,Production Associate,Account Admin|Admin|Author,Production Associate,dcanfield+danCSV84@instructure.com,password
danCSV85,danCSV85,Jarlset,danCSV80,USA,Engineering Technician,Account Admin|Admin|Author,Engineering Technician III,dcanfield+danCSV85@instructure.com,password
danCSV86,danCSV86,Saran,danCSV80,USA,Manufacturing Technician,Account Admin|Admin|Author,Manufacturing Technician,dcanfield+danCSV86@instructure.com,password
danCSV87,danCSV87,Ly,danCSV80,USA,Production Associate,Account Admin|Admin|Author,Production Associate,dcanfield+danCSV87@instructure.com,password
danCSV88,danCSV88,Calabiao,danCSV80,USA,Lead Production Associate,Account Admin|Admin|Author,Lead Production Associate,dcanfield+danCSV88@instructure.com,password
danCSV89,danCSV89,Castro,danCSV80,USA,Production Associate,Account Admin|Admin|Author,Contingent Worker,dcanfield+danCSV89@instructure.com,password
danCSV90,danCSV90,Gastager,danCSV80,USA,Process Technician,Account Admin|Admin|Author,Process Technician IV,dcanfield+danCSV90@instructure.com,password
danCSV91,danCSV91,Ontiveros,danCSV90,USA,Field Technical Specialist,Account Admin|Admin|Author,Sr Training Instructor,dcanfield+danCSV91@instructure.com,password
danCSV92,danCSV92,Leggett,danCSV90,USA,Service Technician,Account Admin|Admin|Author,Service Technician IV,dcanfield+danCSV92@instructure.com,password
danCSV93,danCSV93,Khalsa,danCSV90,USA,Delivery Experience Specialist,Account Admin|Admin|Author,Contingent Worker,dcanfield+danCSV93@instructure.com,password
danCSV94,danCSV94,Cajes,danCSV90,USA,Production Associate,Account Admin|Admin|Author,Contingent Worker,dcanfield+danCSV94@instructure.com,password
danCSV95,danCSV95,Stieg,danCSV90,USA,Associate Manager Engineering,Account Admin|Admin|Author,Associate Mgr Engineering,dcanfield+danCSV95@instructure.com,password
danCSV96,danCSV96,Chi,danCSV90,USA,Product Excellence Supervisor,Account Admin|Admin|Author,Supervisor Quality,dcanfield+danCSV96@instructure.com,password
danCSV97,danCSV97,Victoria,danCSV90,USA,Production Associate,Account Admin|Admin|Author,Contingent Worker,dcanfield+danCSV97@instructure.com,password
danCSV98,danCSV98,Hofmann,danCSV90,USA,Director of HR Manufacturing,Account Admin|Admin|Author,Dir HR,dcanfield+danCSV98@instructure.com,password
danCSV99,danCSV99,Canete,danCSV90,USA,Sr. Application Developer,Account Admin|Admin|Author,Contingent Worker,dcanfield+danCSV99@instructure.com,password
danCSV100,danCSV100,Dela Cruz,danCSV90,USA,Accounts Payable Clerk,Account Admin|Admin|Author,Senior Production Associate,dcanfield+danCSV100@instructure.com,password
danCSV101,danCSV101,Li,danCSV100,USA,Accounts Payable Clerk,,Associate Recruiter,dcanfield+danCSV101@instructure.com,password
danCSV102,danCSV102,Lichtenhagen,danCSV100,USA,Accounts Payable Clerk,,Service Technician,dcanfield+danCSV102@instructure.com,password
danCSV103,danCSV103,Sabau,danCSV100,USA,Production Associate,Account Admin|Admin|Author,Production Associate,dcanfield+danCSV103@instructure.com,password
danCSV104,danCSV104,Tran,danCSV100,USA,Lead Material Handler,Account Admin|Admin|Author,Lead Material Handler,dcanfield+danCSV104@instructure.com,password
danCSV105,danCSV105,Hutson,danCSV100,USA,Senior Vehicle Technician,Account Admin|Admin|Author,Service Technician IV,dcanfield+danCSV105@instructure.com,password
danCSV106,danCSV106,Hawkins,danCSV100,USA,Sr. Purchasing Specialist,Account Admin|Admin|Author,Sr Buyer - Planner,dcanfield+danCSV106@instructure.com,password
danCSV107,danCSV107,Rodriguez,danCSV100,USA,Production Associate,Account Admin|Admin|Author,Production Associate,dcanfield+danCSV107@instructure.com,password
danCSV108,danCSV108,Herter,danCSV100,USA,Owner Advisor,Account Admin|Admin|Author,Owner Advisor,dcanfield+danCSV108@instructure.com,password
danCSV109,danCSV109,Dao,danCSV100,USA,Production Associate,Account Admin|Admin|Author,Production Associate,dcanfield+danCSV109@instructure.com,password
danCSV110,danCSV110,Bremer,danCSV100,USA,Accounts Payable Clerk,Account Admin|Admin|Author,Accounting Support Specialist II,dcanfield+danCSV110@instructure.com,password
